emp_id,emp_name,department,city,salary,experience,hire_date,performance_score
1,Ashish Verma,Finance,Mumbai,112000,7,2016-07-25,1
2,Sunita Mehta,Operations,Hyderabad,48000,1,2016-01-19,2
3,Isha Kumar,Operations,Chandigarh,70000,17,2023-01-11,5
4,Rajesh Mishra,Marketing,Ahmedabad,148000,8,2024-09-30,1
5,Chetan Sethi,HR,Mumbai,67000,4,2025-09-25,3
6,Aryan Mehta,Marketing,Bengaluru,153000,11,2018-11-09,5
7,Karan Patel,Finance,Chennai,86000,17,2025-11-29,4
8,Arjun Banerjee,HR,Ahmedabad,113000,11,2017-02-26,1
9,Aman Mishra,HR,Bengaluru,52000,7,2019-04-06,3
10,Sachin Pillai,Sales,Delhi,66000,11,2022-07-08,3
11,Anjali Dutta,Finance,Jaipur,117000,17,2016-10-31,4
12,Pradeep Srivastava,Finance,Kolkata,138000,7,2024-06-14,1
13,Isha Patel,HR,Hyderabad,48000,8,2017-05-14,5
14,Mohit Saxena,Finance,Chennai,172000,12,2016-08-08,3
15,Ayush Tiwari,Finance,Kolkata,122000,17,2023-05-18,5
16,Rakesh Roy,Marketing,Delhi,62000,7,2020-09-18,4
17,Arnav Singh,IT,Jaipur,105000,20,2023-11-19,4
18,Vivek Gupta,Marketing,Hyderabad,104000,19,2020-12-07,3
19,Tanvi Sharma,Finance,Bengaluru,123000,17,2023-08-15,3
20,Ashish Reddy,Marketing,Jaipur,45000,14,2025-09-11,3
21,Simran Bansal,Operations,Bengaluru,83000,20,2024-06-09,5
22,Yash Chopra,Sales,Delhi,109000,5,2025-09-10,5
23,Aarav Dutta,HR,Chennai,54000,0,2025-06-02,3
24,Meera Tiwari,IT,Pune,85000,18,2015-12-17,4
25,Anil Ghosh,Sales,Jaipur,110000,15,2016-11-07,3
26,Sourabh Dutta,Marketing,Pune,141000,17,2023-03-09,2
27,Meera Kulkarni,Finance,Delhi,187000,14,2020-01-24,1
28,Jatin Mishra,IT,Delhi,215000,0,2021-03-18,2
29,Vikram Mishra,IT,Bengaluru,80000,20,2017-07-26,1
30,Akshay Menon,IT,Kolkata,136000,7,2022-07-03,4
31,Geeta Ghosh,Sales,Ahmedabad,100000,18,2017-09-22,4
32,Rajat Chopra,IT,Bengaluru,155000,13,2019-10-01,4
33,Sakshi Singh,Finance,Bengaluru,158000,1,2023-03-02,3
34,Aryan Tiwari,Sales,Pune,97000,17,2016-07-28,4
35,Dev Srivastava,Marketing,Pune,101000,2,2024-01-23,5
36,Arpita Singh,Finance,Kolkata,78000,0,2025-05-22,2
37,Deepak Jain,Marketing,Chennai,155000,6,2019-07-01,1
38,Deepak Desai,IT,Hyderabad,181000,8,2018-03-14,4
39,Tarun Yadav,Sales,Pune,67000,9,2025-11-11,1
40,Vikas Ghosh,IT,Delhi,77000,1,2021-07-20,4
41,Simran Das,Sales,Chandigarh,50000,16,2024-07-19,2
42,Anil Dutta,IT,Pune,95000,12,2025-07-23,5
43,Jatin Roy,Operations,Chandigarh,55000,19,2019-09-14,5
44,Uday Das,HR,Mumbai,125000,6,2023-01-12,3
45,Ishaan Pandey,Marketing,Jaipur,83000,20,2020-02-16,3
46,Anjali Sharma,Marketing,Ahmedabad,57000,18,2015-10-28,5
47,Geeta Kumar,HR,Jaipur,48000,11,2024-11-10,2
48,Pooja Reddy,Sales,Chennai,130000,17,2018-05-24,5
49,Sourabh Sharma,Finance,Kolkata,81000,9,2025-07-12,2
50,Karan Joshi,IT,Kolkata,134000,4,2018-02-28,5
51,Gaurav Menon,Sales,Mumbai,102000,16,2017-10-25,1
52,Arnav Sethi,HR,Chandigarh,82000,0,2023-08-25,2
53,Karan Malhotra,Finance,Chennai,164000,17,2021-04-16,1
54,Ashish Gupta,Finance,Jaipur,64000,17,2024-05-11,3
55,Vikas Banerjee,Sales,Hyderabad,45000,4,2018-06-16,3
56,Aman Iyer,Sales,Pune,85000,3,2023-10-01,5
57,Rajat Bose,Finance,Jaipur,96000,7,2025-12-12,2
58,Rajat Verma,Sales,Delhi,142000,13,2022-07-06,2
59,Kavita Malhotra,Finance,Bengaluru,64000,12,2024-08-17,4
60,Harish Chopra,Marketing,Delhi,150000,9,2023-12-02,2
61,Harish Verma,Finance,Pune,139000,12,2018-02-15,1
62,Kiran Iyer,Finance,Kolkata,139000,12,2025-07-14,1
63,Ashish Pandey,Sales,Ahmedabad,44000,8,2016-03-20,5
64,Riya Iyer,Finance,Delhi,185000,13,2016-04-18,4
65,Varun Chopra,HR,Chandigarh,40000,13,2020-10-30,5
66,Divya Pillai,Marketing,Bengaluru,124000,10,2018-07-09,1
67,Manish Kumar,HR,Hyderabad,91000,10,2022-10-26,3
68,Tanvi Agarwal,Sales,Hyderabad,126000,12,2023-05-23,2
69,Yogesh Mukherjee,HR,Hyderabad,40000,17,2018-05-29,3
70,Gaurav Sethi,Operations,Ahmedabad,86000,20,2020-03-19,4
71,Rohan Saxena,Operations,Chennai,129000,5,2015-12-14,3
72,Sneha Bose,HR,Bengaluru,126000,7,2018-06-25,2
73,Divya Kapoor,IT,Chandigarh,186000,7,2021-11-08,1
74,Sachin Jain,Finance,Ahmedabad,153000,6,2020-07-17,4
75,Jatin Kapoor,Finance,Chandigarh,163000,3,2017-06-15,2
76,Sonal Arora,IT,Kolkata,96000,7,2020-02-13,2
77,Sakshi Das,Operations,Ahmedabad,141000,10,2024-12-30,4
78,Yogesh Kumar,Marketing,Kolkata,65000,14,2023-05-05,4
79,Rohit Pandey,Sales,Mumbai,102000,16,2022-01-11,2
80,Kiran Khanna,IT,Mumbai,134000,7,2018-10-07,3
81,Ayush Kapoor,Sales,Hyderabad,130000,4,2017-05-26,1
82,Rajesh Jain,HR,Kolkata,93000,14,2015-09-13,2
83,Rajesh Desai,Operations,Chandigarh,93000,18,2020-05-07,1
84,Nisha Rao,Marketing,Hyderabad,140000,17,2023-03-29,5
85,Yash Mishra,Marketing,Pune,100000,8,2020-06-12,1
86,Priya Menon,Finance,Hyderabad,174000,5,2025-04-24,2
87,Zoya Ghosh,IT,Hyderabad,209000,18,2022-06-08,1
88,Arjun Sethi,Sales,Chennai,46000,5,2017-12-01,4
89,Monika Saxena,Marketing,Delhi,142000,10,2024-11-12,4
90,Kiran Jain,HR,Bengaluru,42000,15,2023-05-27,5
91,Amit Iyer,Sales,Bengaluru,45000,20,2023-06-17,1
92,Jatin Chopra,IT,Ahmedabad,126000,4,2016-06-01,4
93,Ashish Mukherjee,Sales,Chennai,138000,8,2019-02-19,2
94,Yash Dutta,Finance,Bengaluru,134000,5,2016-03-18,5
95,Akash Rao,Operations,Hyderabad,136000,12,2017-03-23,1
96,Vikram Tiwari,IT,Mumbai,95000,19,2023-12-06,5
97,Sumit Sethi,Finance,Delhi,184000,2,2022-04-06,3
98,Aditi Jain,Marketing,Bengaluru,91000,13,2022-02-16,4
99,Bharat Sethi,Sales,Kolkata,74000,20,2021-11-27,5
100,Sanjay Arora,Marketing,Ahmedabad,86000,8,2024-07-20,2
101,Arnav Srivastava,Marketing,Pune,117000,14,2021-11-04,4
102,Neha Verma,Marketing,Delhi,107000,5,2017-05-18,3
103,Karan Menon,HR,Ahmedabad,111000,8,2015-02-11,5
104,Dhruv Mehta,Sales,Hyderabad,111000,15,2023-07-03,2
105,Sameer Yadav,Marketing,Chandigarh,82000,2,2017-06-26,4
106,Jatin Rao,Finance,Ahmedabad,176000,11,2021-03-17,5
107,Nikhil Sethi,Finance,Kolkata,145000,10,2022-11-18,4
108,Kavita Rao,HR,Pune,64000,3,2018-07-16,1
109,Sumit Bansal,Sales,Pune,75000,15,2023-02-15,5
110,Krishna Shah,Sales,Mumbai,86000,7,2017-01-04,3
111,Aditi Ghosh,Sales,Mumbai,46000,1,2021-03-16,3
112,Avinash Yadav,IT,Chandigarh,137000,18,2020-04-06,4
113,Rohan Menon,Sales,Chandigarh,160000,8,2024-08-30,4
114,Raj Yadav,IT,Ahmedabad,78000,20,2016-09-13,2
115,Uday Rao,IT,Pune,207000,3,2023-07-29,4
116,Zoya Mishra,Operations,Hyderabad,101000,14,2018-05-02,5
117,Rakesh Rao,Operations,Ahmedabad,123000,1,2025-10-07,1
118,Gaurav Saxena,HR,Bengaluru,70000,5,2016-12-12,5
119,Anjali Malhotra,IT,Hyderabad,217000,14,2020-04-08,3
120,Akshay Mishra,HR,Mumbai,49000,14,2022-09-16,2
121,Karan Roy,Finance,Pune,84000,13,2021-02-08,2
122,Bharat Srivastava,Sales,Bengaluru,61000,1,2023-11-21,3
123,Vivek Mukherjee,HR,Chennai,99000,3,2022-09-21,3
124,Raj Srivastava,Operations,Kolkata,101000,15,2015-11-26,5
125,Aman Sethi,Finance,Delhi,119000,19,2015-04-16,1
126,Isha Mukherjee,Operations,Chandigarh,118000,8,2015-06-14,2
127,Sameer Das,Finance,Chennai,101000,8,2021-07-25,4
128,Shreya Mehta,Marketing,Delhi,87000,13,2018-08-08,1
129,Chetan Menon,Marketing,Chennai,129000,9,2025-08-07,4
130,Tanvi Patel,Marketing,Bengaluru,77000,10,2018-08-17,1
131,Raj Kumar,IT,Kolkata,170000,14,2015-08-11,2
132,Sonal Pillai,Operations,Chennai,101000,20,2023-07-10,1
133,Gaurav Srivastava,Operations,Jaipur,101000,9,2024-11-16,4
134,Atul Verma,Finance,Ahmedabad,95000,7,2018-06-26,5
135,Aditi Banerjee,Marketing,Bengaluru,152000,7,2025-03-28,1
136,Sakshi Joshi,Finance,Jaipur,129000,15,2020-09-15,3
137,Rajesh Chauhan,Marketing,Pune,115000,14,2016-08-15,4
138,Dhruv Dutta,Operations,Jaipur,80000,2,2023-08-31,4
139,Neha Kumar,HR,Chandigarh,78000,9,2024-05-23,5
140,Vikas Yadav,Sales,Chennai,101000,17,2018-11-14,3
141,Tanvi Ghosh,Marketing,Chennai,69000,10,2025-12-31,2
142,Varun Desai,Sales,Hyderabad,80000,1,2023-05-09,4
143,Pradeep Desai,Finance,Jaipur,64000,15,2016-06-01,5
144,Vikram Menon,IT,Chennai,199000,3,2025-03-18,4
145,Aditi Kapoor,Marketing,Jaipur,105000,2,2023-10-07,3
146,Neha Bose,Finance,Hyderabad,75000,20,2024-07-20,3
147,Sumit Desai,HR,Chennai,44000,17,2021-12-04,1
148,Ishaan Reddy,Sales,Bengaluru,52000,13,2023-07-12,1
149,Rohan Malhotra,Finance,Mumbai,66000,0,2018-08-21,1
150,Lakshmi Iyer,HR,Hyderabad,71000,4,2020-12-15,4
151,Uday Bansal,Sales,Jaipur,118000,2,2024-10-06,4
152,Zoya Tiwari,Marketing,Ahmedabad,74000,4,2020-03-03,3
153,Sachin Pandey,Finance,Chandigarh,128000,14,2022-08-07,5
154,Chetan Gupta,Marketing,Delhi,83000,18,2022-03-02,4
155,Kajal Arora,HR,Pune,101000,12,2016-03-12,2
156,Pradeep Mukherjee,HR,Ahmedabad,129000,9,2018-04-24,1
157,Rahul Srivastava,IT,Ahmedabad,220000,1,2023-05-11,4
158,Krishna Mishra,Operations,Delhi,126000,7,2017-02-17,5
159,Kajal Agarwal,Finance,Bengaluru,65000,20,2018-06-19,4
160,Akshay Roy,HR,Jaipur,77000,2,2018-08-31,4
161,Deepika Chopra,Sales,Kolkata,107000,11,2020-08-17,3
162,Deepak Pandey,Marketing,Mumbai,147000,10,2016-04-16,4
163,Anjali Kapoor,Sales,Hyderabad,86000,17,2016-01-05,4
164,Aditi Pandey,Operations,Bengaluru,92000,14,2022-07-18,3
165,Vikas Desai,Finance,Delhi,114000,3,2020-04-15,1
166,Zoya Banerjee,HR,Ahmedabad,122000,7,2015-09-16,4
167,Manish Jain,IT,Jaipur,74000,1,2018-05-31,4
168,Ashish Shah,Sales,Kolkata,89000,4,2020-02-02,3
169,Sunita Jain,Operations,Jaipur,128000,13,2016-02-10,4
170,Yogesh Jain,HR,Chandigarh,67000,11,2019-12-22,4
171,Ishaan Pillai,IT,Delhi,156000,17,2015-09-06,4
172,Kiran Chopra,IT,Chennai,119000,2,2022-03-13,5
173,Aditya Singh,HR,Pune,112000,4,2017-04-20,1
174,Tanvi Saxena,Operations,Pune,87000,7,2023-09-07,2
175,Vivek Sharma,HR,Jaipur,109000,4,2017-10-23,2
176,Avinash Sharma,HR,Pune,81000,18,2015-03-06,2
177,Karan Singh,Sales,Hyderabad,54000,16,2023-05-13,1
178,Sameer Khanna,HR,Kolkata,53000,18,2020-01-26,5
179,Harish Bose,IT,Kolkata,182000,9,2022-03-20,1
180,Ananya Chauhan,Marketing,Hyderabad,107000,3,2022-12-27,4
181,Anjali Mehta,HR,Ahmedabad,48000,4,2016-05-31,3
182,Zoya Roy,Operations,Delhi,121000,12,2020-12-13,3
183,Sachin Kumar,Operations,Hyderabad,146000,3,2022-11-14,1
184,Riya Khanna,Sales,Hyderabad,145000,10,2020-02-01,4
185,Rajesh Shah,HR,Hyderabad,125000,10,2017-11-10,3
186,Bharat Chauhan,IT,Bengaluru,88000,2,2019-11-04,1
187,Pooja Agarwal,Operations,Chandigarh,116000,18,2021-04-19,3
188,Atul Jain,HR,Hyderabad,76000,1,2021-09-25,3
189,Nisha Shah,Operations,Kolkata,64000,6,2022-05-13,4
190,Harish Shah,HR,Kolkata,54000,11,2023-07-21,3
191,Varun Mishra,Marketing,Kolkata,123000,19,2022-07-27,5
192,Akash Dutta,Finance,Mumbai,101000,0,2018-01-24,3
193,Neha Iyer,IT,Jaipur,209000,4,2022-05-16,4
194,Anil Kapoor,Finance,Chandigarh,190000,2,2017-05-31,4
195,Rajesh Arora,HR,Jaipur,79000,11,2023-02-03,3
196,Uday Dutta,IT,Chandigarh,105000,4,2023-06-18,5
197,Amit Mehta,HR,Chennai,102000,13,2021-10-22,4
198,Rajesh Srivastava,Sales,Kolkata,84000,3,2019-10-27,1
199,Krishna Roy,Marketing,Kolkata,50000,9,2017-06-22,4
200,Vivek Singh,IT,Pune,119000,9,2023-08-10,2
201,Kajal Reddy,HR,Bengaluru,103000,0,2023-05-18,4
202,Deepika Agarwal,Marketing,Kolkata,109000,7,2021-04-07,3
203,Anjali Kulkarni,Finance,Chandigarh,59000,13,2020-02-27,1
204,Mohit Mukherjee,Marketing,Ahmedabad,135000,12,2022-03-07,4
205,Lakshmi Joshi,Marketing,Chandigarh,66000,10,2023-12-27,5
206,Riya Roy,Marketing,Kolkata,95000,2,2024-10-05,3
207,Neha Mishra,HR,Jaipur,105000,2,2022-02-06,1
208,Sourabh Kumar,Sales,Delhi,133000,11,2025-09-29,2
209,Ishaan Shah,Sales,Mumbai,62000,6,2021-10-03,2
210,Anjali Bansal,Finance,Chennai,169000,14,2022-08-21,5
211,Zoya Nair,Finance,Delhi,167000,4,2015-10-07,4
212,Rohan Rao,HR,Ahmedabad,85000,1,2020-09-09,1
213,Meera Arora,Marketing,Chandigarh,92000,1,2024-04-29,3
214,Yogesh Dutta,Operations,Hyderabad,119000,14,2021-03-20,1
215,Rohit Mukherjee,Finance,Pune,176000,10,2020-08-15,2
216,Ananya Khanna,IT,Delhi,194000,2,2022-03-31,2
217,Aman Tiwari,Finance,Chennai,189000,14,2020-11-11,5
218,Chetan Pillai,HR,Mumbai,92000,12,2023-09-08,3
219,Neeraj Gupta,HR,Bengaluru,126000,17,2019-05-03,3
220,Kajal Dutta,Sales,Delhi,114000,2,2022-06-11,2
221,Nikhil Rao,Finance,Hyderabad,76000,4,2018-06-22,5
222,Pradeep Menon,Sales,Kolkata,122000,2,2022-07-09,4
223,Sneha Pillai,IT,Delhi,111000,9,2025-08-31,2
224,Neha Yadav,Sales,Pune,59000,4,2015-11-13,3
225,Arpita Kumar,Operations,Kolkata,129000,1,2018-10-11,5
226,Avinash Dutta,Marketing,Jaipur,68000,5,2024-04-28,5
227,Deepak Khanna,IT,Hyderabad,125000,11,2025-11-15,4
228,Yogesh Reddy,Finance,Chennai,116000,7,2018-06-21,4
229,Dhruv Pillai,Finance,Ahmedabad,173000,14,2023-08-18,3
230,Pradeep Kumar,Operations,Hyderabad,149000,5,2017-03-28,5
231,Ayush Pandey,IT,Chennai,206000,11,2025-06-23,1
232,Sonal Joshi,HR,Bengaluru,74000,5,2020-01-15,5
233,Bhavna Sethi,IT,Pune,154000,14,2025-06-08,1
234,Rajesh Singh,Marketing,Kolkata,75000,11,2019-05-01,1
235,Pooja Mishra,IT,Delhi,150000,3,2023-11-16,2
236,Ayush Patel,HR,Chennai,130000,4,2020-04-05,4
237,Yogesh Sharma,IT,Chandigarh,120000,8,2024-05-13,2
238,Tanvi Dutta,Operations,Hyderabad,144000,3,2018-03-26,2
239,Manish Joshi,IT,Pune,182000,13,2015-09-15,1
240,Shubham Dutta,Operations,Chandigarh,110000,20,2021-06-13,2
241,Bhavna Reddy,Marketing,Chandigarh,90000,19,2017-09-12,5
242,Rajesh Bansal,Finance,Bengaluru,147000,16,2015-10-05,5
243,Sunita Kumar,Operations,Kolkata,94000,0,2024-10-17,4
244,Aman Desai,HR,Mumbai,85000,0,2023-11-04,1
245,Nikhil Tiwari,Finance,Bengaluru,140000,18,2016-06-30,1
246,Nisha Ghosh,HR,Jaipur,129000,14,2020-05-14,2
247,Ayush Gupta,Finance,Chennai,130000,1,2017-04-05,1
248,Divya Patel,HR,Mumbai,90000,16,2024-02-22,5
249,Sameer Pandey,IT,Pune,156000,9,2024-09-01,1
250,Neeraj Srivastava,IT,Delhi,167000,13,2023-05-03,4
251,Dev Yadav,Finance,Chennai,187000,11,2017-12-28,1
252,Rakesh Mehta,Marketing,Ahmedabad,114000,5,2018-04-18,3
253,Monika Reddy,HR,Chennai,94000,19,2016-11-13,4
254,Nikhil Khanna,IT,Delhi,176000,19,2018-01-29,1
255,Pankaj Kumar,Finance,Jaipur,91000,0,2024-07-08,5
256,Rohan Patel,Sales,Bengaluru,139000,7,2022-03-27,3
257,Pankaj Desai,Operations,Chandigarh,64000,19,2022-08-13,4
258,Pooja Pillai,Marketing,Bengaluru,62000,18,2020-12-08,3
259,Rahul Nair,Finance,Mumbai,84000,7,2015-04-17,2
260,Shubham Das,Marketing,Kolkata,78000,3,2023-09-10,3
261,Rohit Saxena,Operations,Mumbai,70000,15,2016-05-17,2
262,Anjali Khanna,Sales,Chennai,143000,2,2022-08-25,3
263,Nikhil Gupta,Operations,Kolkata,83000,9,2024-07-19,2
264,Deepika Pillai,Operations,Pune,70000,3,2023-11-19,2
265,Ishaan Yadav,IT,Delhi,211000,17,2019-02-20,4
266,Yogesh Mehta,IT,Mumbai,187000,12,2020-11-23,4
267,Rajat Mukherjee,IT,Jaipur,83000,10,2020-01-18,4
268,Sonal Iyer,Sales,Kolkata,115000,20,2017-01-15,2
269,Riya Kumar,IT,Bengaluru,104000,16,2018-05-30,2
270,Chetan Nair,Finance,Pune,187000,11,2025-01-13,3
271,Arjun Pandey,Sales,Kolkata,56000,8,2022-01-04,3
272,Yogesh Ghosh,IT,Kolkata,108000,20,2021-08-21,5
273,Bharat Malhotra,Finance,Ahmedabad,141000,19,2024-06-13,5
274,Aman Verma,IT,Chandigarh,212000,20,2017-12-20,2
275,Varun Jain,Operations,Chandigarh,125000,15,2021-02-12,3
276,Manish Chauhan,Sales,Hyderabad,98000,9,2015-10-26,1
277,Chetan Khanna,Marketing,Chennai,71000,14,2018-10-25,5
278,Bhavna Nair,Finance,Delhi,157000,11,2016-06-19,3
279,Sneha Banerjee,IT,Delhi,184000,7,2016-05-16,3
280,Rohit Tiwari,Sales,Bengaluru,77000,1,2025-08-08,4
281,Jatin Malhotra,HR,Ahmedabad,64000,10,2023-07-23,2
282,Shubham Kumar,Marketing,Chennai,108000,9,2015-04-05,1
283,Rahul Kumar,Marketing,Pune,119000,6,2018-12-16,1
284,Amit Reddy,Marketing,Ahmedabad,131000,20,2020-04-11,3
285,Sumit Sharma,IT,Hyderabad,132000,4,2023-02-27,3
286,Raj Pillai,IT,Hyderabad,210000,1,2021-04-20,2
287,Pankaj Banerjee,HR,Bengaluru,104000,12,2020-01-19,5
288,Kiran Bose,Finance,Ahmedabad,87000,3,2025-12-07,1
289,Rahul Pillai,HR,Kolkata,58000,11,2017-03-26,5
290,Sneha Kulkarni,Operations,Chandigarh,49000,1,2016-07-15,3
291,Sachin Kapoor,Operations,Kolkata,86000,4,2025-06-11,5
292,Mohit Malhotra,Marketing,Ahmedabad,120000,9,2018-10-09,5
293,Sneha Ghosh,Marketing,Ahmedabad,105000,9,2024-02-24,1
294,Pooja Menon,Finance,Bengaluru,133000,13,2023-12-08,1
295,Vivek Chauhan,HR,Ahmedabad,69000,18,2023-02-02,1
296,Vikas Chauhan,Sales,Kolkata,132000,20,2021-12-13,4
297,Bhavna Tiwari,IT,Ahmedabad,113000,3,2015-03-19,4
298,Mohit Jain,Sales,Hyderabad,92000,6,2020-08-17,5
299,Sameer Singh,Finance,Jaipur,108000,16,2021-04-16,3
300,Sanjay Das,Marketing,Delhi,103000,5,2025-03-25,5
301,Neha Ghosh,HR,Mumbai,101000,19,2017-02-26,2
302,Kiran Banerjee,HR,Pune,76000,9,2022-11-27,2
303,Shreya Nair,Marketing,Delhi,146000,17,2023-02-03,3
304,Krishna Joshi,Operations,Kolkata,95000,12,2024-03-06,3
305,Aman Reddy,Finance,Bengaluru,168000,11,2022-05-10,3
306,Sanjay Saxena,Sales,Kolkata,159000,8,2021-04-21,3
307,Ayush Shah,Operations,Ahmedabad,76000,7,2015-07-27,5
308,Harish Mishra,IT,Bengaluru,149000,13,2023-01-17,4
309,Arpita Agarwal,IT,Kolkata,169000,5,2022-04-28,4
310,Sanjay Chopra,HR,Delhi,122000,9,2015-08-31,1
311,Sumit Patel,Sales,Hyderabad,159000,5,2025-04-24,1
312,Rahul Yadav,Sales,Mumbai,41000,1,2018-05-07,5
313,Yash Shah,HR,Mumbai,122000,14,2021-02-03,5
314,Shubham Agarwal,Operations,Chennai,69000,8,2024-01-26,1
315,Neeraj Malhotra,Finance,Chennai,120000,20,2023-01-22,2
316,Aditi Menon,HR,Ahmedabad,62000,6,2021-11-07,4
317,Rakesh Kumar,HR,Bengaluru,125000,12,2016-01-26,2
318,Ayush Chauhan,HR,Pune,73000,0,2019-04-21,2
319,Rohit Srivastava,HR,Mumbai,113000,18,2015-02-16,3
320,Pankaj Tiwari,IT,Bengaluru,143000,14,2016-10-16,4
321,Simran Rao,Finance,Bengaluru,130000,20,2019-02-14,5
322,Bharat Arora,Finance,Ahmedabad,161000,11,2022-11-15,5
323,Sameer Ghosh,Finance,Pune,75000,7,2020-11-22,4
324,Sourabh Pillai,IT,Ahmedabad,80000,3,2024-04-17,5
325,Simran Chopra,Operations,Kolkata,66000,4,2018-09-05,5
326,Rohan Joshi,Finance,Pune,180000,18,2016-01-08,5
327,Rohit Singh,Marketing,Jaipur,98000,16,2020-02-15,5
328,Ananya Banerjee,Marketing,Mumbai,95000,0,2017-11-08,1
329,Geeta Roy,IT,Chandigarh,153000,13,2022-11-08,1
330,Sunita Singh,IT,Chennai,138000,1,2019-08-02,2
331,Ayush Jain,HR,Hyderabad,88000,14,2019-03-19,1
332,Sunita Agarwal,Finance,Delhi,100000,3,2021-01-09,4
333,Sourabh Agarwal,Finance,Pune,60000,0,2025-12-21,3
334,Sakshi Ghosh,Marketing,Kolkata,150000,12,2017-07-29,2
335,Sachin Iyer,Sales,Mumbai,159000,6,2024-10-24,1
336,Akshay Jain,Operations,Chandigarh,71000,7,2015-10-03,1
337,Vivek Patel,Marketing,Ahmedabad,76000,1,2023-04-22,1
338,Raj Khanna,Sales,Kolkata,136000,6,2024-09-07,1
339,Ayush Kumar,HR,Pune,80000,18,2021-06-23,5
340,Monika Tiwari,HR,Jaipur,68000,16,2019-08-21,3
341,Kiran Singh,Operations,Ahmedabad,125000,5,2022-08-12,4
342,Pradeep Das,HR,Hyderabad,59000,13,2018-05-13,4
343,Dev Ghosh,Marketing,Pune,83000,7,2024-08-13,2
344,Tarun Jain,Marketing,Kolkata,62000,16,2019-05-10,2
345,Kajal Saxena,HR,Bengaluru,87000,14,2016-01-14,5
346,Dhruv Singh,HR,Hyderabad,117000,19,2015-06-11,1
347,Dhruv Roy,Finance,Kolkata,177000,6,2017-05-05,3
348,Manish Sharma,Sales,Pune,135000,3,2023-06-17,4
349,Jatin Dutta,Finance,Pune,116000,12,2021-03-11,3
350,Krishna Desai,Marketing,Kolkata,90000,20,2018-06-17,3
351,Shubham Arora,IT,Chennai,117000,10,2019-02-27,3
352,Rajat Patel,Operations,Pune,47000,4,2017-12-04,5
353,Vikas Roy,Finance,Hyderabad,94000,9,2017-03-14,3
354,Isha Desai,Operations,Pune,115000,15,2022-05-05,3
355,Kajal Yadav,Finance,Chennai,98000,14,2023-03-21,3
356,Deepak Agarwal,Finance,Kolkata,102000,15,2025-04-13,5
357,Ananya Das,IT,Bengaluru,66000,1,2019-08-17,2
358,Isha Gupta,Finance,Jaipur,110000,0,2020-09-02,4
359,Pooja Singh,Operations,Ahmedabad,129000,15,2020-06-21,1
360,Aarav Ghosh,Operations,Hyderabad,47000,0,2020-12-08,3
361,Sumit Reddy,IT,Kolkata,110000,13,2016-03-14,1
362,Sourabh Kapoor,Sales,Pune,107000,19,2017-10-30,3
363,Kavita Kulkarni,IT,Delhi,182000,12,2021-05-03,2
364,Harish Rao,Finance,Bengaluru,63000,20,2016-01-18,4
365,Tanvi Chauhan,IT,Chandigarh,86000,5,2020-08-09,4
366,Neeraj Mukherjee,IT,Kolkata,123000,1,2017-05-15,5
367,Sameer Srivastava,IT,Bengaluru,204000,8,2021-04-27,1
368,Deepika Nair,IT,Pune,101000,18,2023-06-09,4
369,Anjali Rao,Sales,Ahmedabad,112000,7,2024-05-11,4
370,Sunita Menon,Marketing,Jaipur,109000,2,2023-05-12,3
371,Amit Shah,Marketing,Pune,88000,2,2021-10-14,5
372,Vivek Kulkarni,HR,Chandigarh,74000,20,2023-10-15,4
373,Shreya Mishra,HR,Kolkata,95000,12,2017-01-30,5
374,Pradeep Mehta,Operations,Mumbai,136000,7,2015-10-29,1
375,Kavita Kapoor,Marketing,Jaipur,85000,12,2019-01-17,1
376,Arnav Sharma,HR,Chennai,74000,11,2016-02-23,2
377,Arnav Bansal,Marketing,Chennai,116000,17,2020-09-29,4
378,Aryan Verma,IT,Delhi,88000,17,2021-09-11,5
379,Monika Desai,IT,Mumbai,164000,13,2023-09-27,1
380,Tarun Tiwari,Operations,Kolkata,132000,5,2019-04-09,2
381,Ayush Srivastava,HR,Mumbai,58000,15,2015-09-17,2
382,Riya Srivastava,Marketing,Mumbai,145000,15,2015-11-12,3
383,Kajal Tiwari,Finance,Chennai,105000,19,2020-02-19,1
384,Ayush Rao,IT,Hyderabad,162000,10,2024-01-07,3
385,Riya Dutta,Sales,Mumbai,117000,10,2025-08-16,2
386,Sanjay Nair,Sales,Hyderabad,77000,10,2023-03-30,4
387,Varun Tiwari,HR,Hyderabad,90000,8,2019-02-04,1
388,Uday Chopra,Operations,Kolkata,132000,5,2023-08-11,5
389,Akash Arora,Finance,Pune,129000,14,2024-04-27,1
390,Rajat Yadav,Sales,Mumbai,72000,7,2022-05-21,2
391,Rakesh Desai,IT,Chennai,187000,19,2021-07-12,4
392,Sumit Kumar,Finance,Hyderabad,64000,17,2023-11-13,3
393,Sumit Dutta,Finance,Bengaluru,118000,3,2022-05-17,3
394,Deepak Bose,IT,Ahmedabad,167000,20,2025-11-04,3
395,Riya Shah,IT,Bengaluru,121000,8,2020-09-22,5
396,Tarun Roy,Finance,Ahmedabad,169000,7,2019-03-13,4
397,Sakshi Roy,Finance,Kolkata,143000,4,2015-04-11,4
398,Aryan Reddy,Marketing,Bengaluru,151000,3,2025-07-20,2
399,Neha Arora,Sales,Kolkata,84000,15,2020-05-04,1
400,Rohan Khanna,HR,Bengaluru,45000,9,2024-02-01,1
401,Aditya Menon,Finance,Bengaluru,117000,5,2020-10-14,2
402,Tanvi Malhotra,HR,Kolkata,99000,13,2017-08-07,4
403,Dev Bansal,Finance,Hyderabad,62000,12,2023-04-09,5
404,Divya Khanna,Operations,Hyderabad,45000,12,2022-11-26,2
405,Anil Mukherjee,IT,Kolkata,158000,5,2018-08-28,2
406,Sachin Joshi,HR,Chennai,121000,16,2018-07-07,5
407,Priya Bose,Marketing,Ahmedabad,89000,3,2018-12-12,4
408,Zoya Bansal,Finance,Mumbai,76000,19,2022-07-15,2
409,Mohit Joshi,Sales,Mumbai,63000,3,2019-03-10,2
410,Sneha Desai,Marketing,Ahmedabad,118000,4,2019-04-21,4
411,Tarun Malhotra,Marketing,Mumbai,68000,4,2018-07-12,4
412,Zoya Singh,HR,Chandigarh,57000,15,2017-03-10,4
413,Tarun Kumar,Finance,Chennai,180000,13,2019-08-30,4
414,Shreya Malhotra,IT,Ahmedabad,121000,0,2018-04-11,1
415,Kiran Mishra,Operations,Mumbai,144000,5,2020-02-17,5
416,Shubham Banerjee,Operations,Bengaluru,59000,18,2018-01-02,5
417,Pankaj Ghosh,IT,Chennai,120000,17,2019-10-08,1
418,Akshay Khanna,HR,Delhi,96000,2,2024-09-14,1
419,Ishaan Saxena,Finance,Ahmedabad,164000,11,2016-11-10,5
420,Ayush Saxena,Sales,Chandigarh,84000,18,2020-12-20,3
421,Vivek Ghosh,Sales,Delhi,77000,9,2021-06-03,3
422,Sneha Shah,Sales,Hyderabad,75000,1,2024-09-21,2
423,Avinash Tiwari,Sales,Delhi,137000,7,2024-06-17,4
424,Shreya Kapoor,Operations,Mumbai,98000,20,2019-03-17,4
425,Kiran Pillai,Marketing,Chennai,119000,10,2015-01-11,1
426,Rahul Saxena,Marketing,Pune,79000,15,2018-08-15,3
427,Neha Banerjee,Operations,Jaipur,107000,18,2023-11-03,3
428,Amit Patel,IT,Chennai,96000,0,2025-06-03,2
429,Rohan Arora,IT,Hyderabad,98000,6,2024-11-22,3
430,Chetan Srivastava,IT,Delhi,86000,8,2019-03-04,2
431,Amit Kulkarni,Finance,Mumbai,164000,7,2022-05-08,1
432,Arpita Sharma,Sales,Chennai,56000,2,2021-08-28,2
433,Sonal Khanna,IT,Chandigarh,95000,10,2024-08-24,4
434,Avinash Chauhan,IT,Pune,87000,12,2023-03-13,1
435,Aryan Nair,HR,Mumbai,88000,4,2023-09-04,2
436,Bhavna Gupta,Operations,Ahmedabad,123000,0,2022-04-16,2
437,Rohan Iyer,Finance,Pune,93000,20,2025-04-25,4
438,Yogesh Khanna,Sales,Bengaluru,57000,3,2023-06-10,1
439,Vikram Desai,HR,Hyderabad,57000,10,2017-10-11,3
440,Arjun Tiwari,Operations,Ahmedabad,137000,19,2021-10-24,3
441,Gaurav Das,Operations,Kolkata,140000,6,2019-05-24,3
442,Amit Tiwari,Marketing,Hyderabad,75000,3,2020-08-08,5
443,Anjali Das,IT,Delhi,98000,10,2019-05-04,5
444,Rajesh Pillai,Operations,Jaipur,143000,15,2015-10-26,1
445,Vikram Gupta,IT,Mumbai,75000,6,2025-05-06,1
446,Krishna Kumar,Marketing,Hyderabad,55000,12,2022-03-08,5
447,Sumit Bose,Sales,Mumbai,79000,2,2015-11-20,5
448,Gaurav Kapoor,Operations,Delhi,120000,12,2022-02-11,1
449,Meera Sethi,Finance,Pune,117000,1,2015-12-20,4
450,Ashish Arora,Operations,Ahmedabad,84000,1,2022-06-21,2
451,Atul Sharma,Finance,Jaipur,96000,0,2020-07-26,3
452,Sonal Das,Finance,Mumbai,150000,5,2016-06-03,3
453,Neeraj Sethi,HR,Kolkata,73000,2,2022-12-27,5
454,Anjali Yadav,Marketing,Kolkata,52000,11,2020-08-08,5
455,Deepak Pillai,Sales,Mumbai,154000,3,2021-06-08,1
456,Aarav Patel,IT,Pune,185000,1,2019-01-30,4
457,Bharat Bansal,IT,Kolkata,172000,20,2017-07-08,3
458,Jatin Jain,Finance,Delhi,74000,8,2021-05-30,3
459,Atul Kumar,Finance,Chandigarh,112000,5,2024-01-08,5
460,Aman Kulkarni,IT,Chennai,144000,9,2018-09-02,1
461,Tanvi Arora,IT,Delhi,139000,6,2021-04-28,3
462,Sakshi Pillai,Operations,Chennai,138000,6,2025-02-05,5
463,Aarav Jain,IT,Pune,153000,17,2022-02-17,1
464,Neeraj Sharma,Finance,Hyderabad,81000,9,2017-04-20,5
465,Ishaan Jain,Marketing,Chandigarh,136000,4,2018-02-20,1
466,Sonal Jain,Finance,Delhi,76000,14,2021-07-06,1
467,Simran Agarwal,Finance,Hyderabad,70000,2,2019-11-17,2
468,Karan Nair,Marketing,Delhi,102000,10,2018-01-18,2
469,Anjali Chopra,Sales,Ahmedabad,59000,3,2016-03-08,2
470,Rohit Arora,HR,Hyderabad,108000,3,2019-01-07,2
471,Rohit Rao,Marketing,Mumbai,56000,3,2016-10-07,3
472,Yash Patel,Sales,Delhi,51000,4,2022-12-22,2
473,Nisha Kulkarni,Operations,Chandigarh,78000,9,2024-03-13,2
474,Akash Kulkarni,Marketing,Kolkata,76000,17,2016-01-23,4
475,Aryan Agarwal,IT,Chandigarh,121000,1,2016-06-19,2
476,Arjun Roy,Operations,Mumbai,47000,2,2015-09-22,2
477,Rohan Agarwal,IT,Delhi,75000,3,2025-07-26,4
478,Amit Malhotra,Operations,Hyderabad,108000,12,2015-05-01,4
479,Rakesh Bansal,HR,Pune,75000,5,2018-02-20,4
480,Bharat Patel,Operations,Ahmedabad,76000,19,2022-04-05,3
481,Shubham Jain,Operations,Chennai,56000,1,2018-02-19,4
482,Divya Das,Sales,Kolkata,88000,0,2023-10-08,3
483,Sanjay Ghosh,Marketing,Delhi,109000,18,2018-08-10,4
484,Kavita Bansal,IT,Delhi,121000,19,2015-05-01,3
485,Sourabh Iyer,Operations,Pune,57000,5,2017-10-12,2
486,Kavita Ghosh,Finance,Chandigarh,154000,7,2018-12-24,2
487,Deepika Tiwari,Operations,Delhi,120000,11,2015-04-26,3
488,Uday Mukherjee,Sales,Ahmedabad,147000,6,2024-02-02,4
489,Sunita Rao,Sales,Chennai,51000,1,2015-08-19,2
490,Aditya Das,Marketing,Chandigarh,123000,10,2017-04-05,2
491,Neha Bansal,HR,Chandigarh,58000,0,2021-07-30,2
492,Ashish Das,HR,Bengaluru,130000,11,2025-07-25,4
493,Vikram Shah,HR,Mumbai,57000,10,2025-12-11,2
494,Riya Yadav,Finance,Delhi,146000,5,2017-07-03,5
495,Deepika Desai,HR,Mumbai,62000,4,2023-03-05,1
496,Varun Kulkarni,Operations,Chandigarh,122000,5,2018-07-27,5
497,Harish Mukherjee,IT,Chennai,149000,4,2023-05-11,1
498,Ishaan Iyer,HR,Jaipur,51000,20,2024-03-19,3
499,Rohit Sharma,HR,Pune,128000,7,2015-10-05,3
500,Kajal Shah,Finance,Chandigarh,153000,1,2019-11-30,4
